Name,fimH
MVC276,fimH120
MVC275,fimH120
MVC274,fimH120
MVC272,fimH103
MVC270,fimH2
MVC27,fimH9
MVC269,fimH5
MVC266,fimH9
MVC263,fimH103
MVC110,fimH54
MVC262,fimH9
MVC257,fimH270
MVC256,fimH86
MVC255,fimH64
MVC254,fimH458
MVC253,fimH31
MVC252,fimH9
MVC251,fimH366
MVC249,fimH102
MVC243,fimH97
MVC109,fimH5
MVC239,fimH103
MVC234,fimH9
MVC227,fimH31
MVC225,fimH5
MVC224,fimH65
MVC223,fimH13
MVC222,fimH306
MVC219,fimH24
MVC215,fimH97
MVC108,fimH9
MVC214,fimH103
MVC212,fimH86
MVC211,fimH21
MVC210,fimH86
MVC799,fimH9
MVC795,*
MVC166,fimH9
MVC794,fimH38
MVC793,fimH97
MVC79,fimH32
MVC788,fimH31
MVC786,*
MVC785,fimH424
MVC780,fimH9
MVC779,fimH1431
MVC778,fimH32
MVC777,fimH32
MVC164,fimH212
MVC773,fimH9
MVC771,fimH12
MVC763,fimH26
MVC761,fimH27
MVC760,fimH27
MVC759,fimH26
MVC755,fimH90
MVC749,fimH86
MVC747,fimH47
MVC16,fimH3
MVC746,fimH341
MVC745,fimH9
MVC738,*
MVC734,fimH47
MVC73,fimH82
MVC715,fimH2
MVC71,fimH306
MVC704,*
MVC694,fimH26
MVC693,fimH7
MVC154,fimH30
MVC608,fimH1257
MVC601,fimH30
MVC600,*
MVC60,fimH9
MVC6,*
MVC599,fimH136
MVC597,fimH10
MVC594,fimH26
MVC147,fimH24
MVC592,fimH41
MVC59,fimH54
MVC587,fimH26
MVC586,fimH103
MVC583,fimH18
MVC58,fimH205
MVC577,fimH24
MVC576,fimH64
MVC573,fimH32
MVC572,fimH47
MVC145,fimH27
MVC571,fimH27
MVC570,fimH27
MVC57,fimH30
MVC565,fimH39
MVC564,fimH54
MVC563,fimH21
MVC562,fimH30
MVC561,fimH39
MVC560,fimH31
MVC56,fimH30
MVC142,fimH27
MVC557,fimH53
MVC556,fimH54
MVC553,fimH22
MVC552,fimH9
MVC551,fimH31
MVC501,fimH18
MVC5,fimH32
MVC138,fimH9
MVC499,fimH9
MVC498,fimH54
MVC497,fimH9
MVC496,fimH39
MVC495,fimH54
MVC494,fimH9
MVC492,fimH64
MVC491,fimH54
MVC49,fimH54
MVC486,fimH136
MVC137,fimH38
MVC484,fimH372
MVC482,fimH9
MVC481,fimH180
MVC480,fimH197
MVC48,fimH9
MVC479,fimH27
MVC478,fimH27
MVC476,fimH64
MVC475,fimH31
MVC474,fimH1059
MVC136,fimH9
MVC471,fimH372
MVC47,fimH96
MVC469,*
MVC468,*
MVC466,fimH64
MVC465,fimH64
MVC463,fimH20
MVC460,fimH9
MVC459,fimH38
MVC458,fimH12
MVC135,fimH54
MVC410,fimH41
MVC408,fimH32
MVC407,fimH2
MVC405,fimH30
MVC404,fimH43
MVC401,fimH119
MVC4,fimH5
MVC393,fimH47
MVC127,fimH47
MVC392,fimH9
MVC391,*
MVC390,fimH9
MVC388,fimH41
MVC387,fimH9
MVC386,fimH2
MVC382,fimH630
MVC381,fimH630
MVC380,fimH9
MVC378_P5,fimH9
MVC126,fimH32
MVC378_P3,fimH9
MVC376,fimH9
MVC374,fimH9
MVC370,fimH461
MVC369,fimH406
MVC368,fimH1005
MVC367,fimH9
MVC366,*
MVC365,fimH458
MVC364,fimH239
MVC122,fimH38
MVC360,fimH121
MVC359,fimH120
MVC356,fimH61
MVC352,fimH41
MVC35,fimH283
MVC295,fimH2
MVC292,fimH54
MVC29,fimH12
MVC287,fimH103
MVC286,fimH9
MVC285,fimH2
MVC284,fimH1226
MVC282,fimH458
MVC279,fimH5
MVC278,fimH9
MVC116,fimH30
MVC277,fimH9
MVC209,fimH306
MVC208,fimH95
MVC207,fimH97
MVC206,fimH9
MVC205,fimH5
MVC204,fimH5
MVC107,fimH9
MVC202,fimH1
MVC20,fimH9
MVC199,fimH32
MVC198,*
MVC186,fimH160
MVC184,fimH27
MVC183,fimH5
MVC182,fimH68
MVC180,*
MVC18,fimH9
MVC103,fimH54
MVC176,fimH38
MVC175,fimH24
MVC99,fimH31
MVC98,fimH5
MVC95,*
MVC94,fimH102
MVC93,fimH9
MVC91,*
MVC9,fimH2
MVC171,fimH24
MVC87,fimH30
MVC85,*
MVC83,fimH5
MVC82,fimH5
MVC815,fimH5
MVC804,fimH145
MVC803,fimH32
MVC692,fimH211
MVC687,fimH5
MVC682,*
MVC681,fimH82
MVC675,fimH87
MVC674,fimH102
MVC67,fimH120
MVC666,fimH180
MVC664,fimH20
MVC661,fimH432
MVC152,fimH9
MVC660,fimH102
MVC66,fimH120
MVC657,fimH119
MVC655,fimH13
MVC652,fimH39
MVC641,fimH39
MVC64,fimH5
MVC633,fimH145
MVC631,fimH39
MVC63,fimH707
MVC151,fimH5
MVC629,fimH103
MVC628,fimH102
MVC626,fimH12
MVC624,fimH29
MVC623,fimH349
MVC62,fimH54
MVC619,fimH58
MVC618,fimH22
MVC614,fimH2
MVC612,fimH21
MVC148,fimH39
MVC102,fimH30
MVC610,fimH86
MVC61,fimH9
MVC550,fimH31
MVC55,fimH30
MVC549,fimH103
MVC547,*
MVC545,fimH22
MVC141,fimH32
MVC542,fimH9
MVC54,fimH25
MVC539,fimH9
MVC538,fimH39
MVC537,*
MVC536,fimH64
MVC535,fimH38
MVC534,fimH22
MVC532,Unknown
MVC531,fimH552
MVC140,fimH40
MVC530,fimH64
MVC53,fimH41
MVC526,*
MVC525,fimH38
MVC524,fimH180
MVC523,fimH180
MVC522,fimH22
MVC520,fimH9
MVC515,fimH9
MVC514,fimH38
MVC139,*
MVC513,fimH136
MVC510,*
MVC51,fimH14
MVC509,*
MVC508,Unknown
MVC507,fimH9
MVC506,Unknown
MVC502,fimH366
MVC100,fimH14
MVC456,*
MVC454,fimH58
MVC452,fimH306
MVC450,fimH103
MVC45,fimH30
MVC448,*
MVC447,fimH102
MVC446,fimH54
MVC445,fimH31
MVC441,fimH211
MVC134,fimH21
MVC439,fimH9
MVC438,fimH136
MVC437,fimH9
MVC435,fimH30
MVC434,fimH9
MVC431,fimH9
MVC428,fimH2
MVC427,fimH102
MVC426,fimH9
MVC424,fimH180
MVC133,fimH39
MVC422,fimH9
MVC421,fimH655
MVC420,fimH30
MVC42,fimH2
MVC417,*
MVC416,fimH9
MVC415,fimH12
MVC414,fimH10
MVC413,fimH1
MVC130,*
MVC412,fimH1
MVC411,fimH1
MVC349,fimH120
MVC347,fimH2
MVC346,fimH306
MVC343,fimH120
MVC340,fimH1492
MVC121,fimH9
MVC339,fimH41
MVC331,fimH211
MVC330,fimH2
MVC33,fimH54
MVC329,fimH120
MVC328,fimH461
MVC327,fimH9
MVC325,fimH96
MVC324,fimH9
MVC321,fimH54
MVC119,fimH120
MVC32,fimH283
MVC317,fimH5
MVC316,*
MVC315,fimH5
MVC313,fimH26
MVC312,fimH9
MVC31,fimH12
MVC309,fimH211
MVC308,fimH97
MVC307,fimH759
MVC118,fimH300
MVC306,fimH2
MVC304,fimH9
MVC302,fimH32
MVC301,fimH120
MVC300,fimH120
MVC30,fimH12
MVC299,fimH31
MVC298,fimH103
MVC297,fimH120
MVC117,fimH300
MVC10,fimH540
MVC1,*